category_id,brand_id,product_name,description,price,stock,thumbnail
3,1,Tine Glow Perfume 1,San pham Perfume giup cham soc sac dep an toan va hieu qua,86.4,326,https://images.unsplash.com/photo-1571781526291-c477eb311dc6?w=400
1,1,Tine Glow Cleanser 2,San pham Cleanser giup cham soc sac dep an toan va hieu qua,28.6,138,https://images.unsplash.com/photo-1620916566398-39f1143ab7be?w=400
2,1,Tine Velvet Cushion 3,San pham Cushion giup cham soc sac dep an toan va hieu qua,85.0,124,https://images.unsplash.com/photo-1620916566398-39f1143ab7be?w=400
2,1,Tine Luminous Cushion 4,San pham Cushion giup cham soc sac dep an toan va hieu qua,19.2,334,https://images.unsplash.com/photo-1620916566398-39f1143ab7be?w=400
3,1,Tine Glow Rollerball 5,San pham Rollerball giup cham soc sac dep an toan va hieu qua,73.1,312,https://images.unsplash.com/photo-1541643600914-78b084683601?w=400
1,1,Tine Hydrating Mask 6,San pham Mask giup cham soc sac dep an toan va hieu qua,55.2,292,https://images.unsplash.com/photo-1515688594390-b649af70d282?w=400
3,1,Tine Radiant Mist 7,San pham Mist giup cham soc sac dep an toan va hieu qua,64.7,86,https://images.unsplash.com/photo-1599305090598-fe179d501227?w=400
2,1,Tine Velvet Lipstick 8,San pham Lipstick giup cham soc sac dep an toan va hieu qua,25.2,140,https://images.unsplash.com/photo-1586495777744-4413f21062fa?w=400
1,1,Tine Silk Cleanser 9,San pham Cleanser giup cham soc sac dep an toan va hieu qua,66.5,445,https://images.unsplash.com/photo-1512496015851-a1dc8a477858?w=400
1,1,Tine Glow Toner 10,San pham Toner giup cham soc sac dep an toan va hieu qua,83.0,41,https://images.unsplash.com/photo-1599305090598-fe179d501227?w=400
2,1,Tine Midnight Blush 11,San pham Blush giup cham soc sac dep an toan va hieu qua,52.8,132,https://images.unsplash.com/photo-1599305090598-fe179d501227?w=400
1,1,Tine Hydrating Cream 12,San pham Cream giup cham soc sac dep an toan va hieu qua,83.2,469,https://images.unsplash.com/photo-1571781526291-c477eb311dc6?w=400
3,1,Tine Glow Perfume 13,San pham Perfume giup cham soc sac dep an toan va hieu qua,58.5,307,https://images.unsplash.com/photo-1620916566398-39f1143ab7be?w=400
1,1,Tine Ocean Serum 14,San pham Serum giup cham soc sac dep an toan va hieu qua,74.4,341,https://images.unsplash.com/photo-1515688594390-b649af70d282?w=400
1,1,Tine Ocean Serum 15,San pham Serum giup cham soc sac dep an toan va hieu qua,48.3,490,https://images.unsplash.com/photo-1541643600914-78b084683601?w=400
2,1,Tine Luminous Cushion 16,San pham Cushion giup cham soc sac dep an toan va hieu qua,66.0,102,https://images.unsplash.com/photo-1620916566398-39f1143ab7be?w=400
2,1,Tine Radiant Blush 17,San pham Blush giup cham soc sac dep an toan va hieu qua,61.2,422,https://images.unsplash.com/photo-1571781526291-c477eb311dc6?w=400
1,1,Tine Hydrating Cream 18,San pham Cream giup cham soc sac dep an toan va hieu qua,28.5,347,https://images.unsplash.com/photo-1541643600914-78b084683601?w=400
2,1,Tine Midnight Cushion 19,San pham Cushion giup cham soc sac dep an toan va hieu qua,42.7,55,https://images.unsplash.com/photo-1515688594390-b649af70d282?w=400
2,1,Tine Radiant Blush 20,San pham Blush giup cham soc sac dep an toan va hieu qua,59.6,220,https://images.unsplash.com/photo-1620916566398-39f1143ab7be?w=400
3,1,Tine Radiant Lotion 21,San pham Lotion giup cham soc sac dep an toan va hieu qua,27.9,265,https://images.unsplash.com/photo-1515688594390-b649af70d282?w=400
1,1,Tine Glow Mask 22,San pham Mask giup cham soc sac dep an toan va hieu qua,33.9,463,https://images.unsplash.com/photo-1512496015851-a1dc8a477858?w=400
3,1,Tine Ocean Mist 23,San pham Mist giup cham soc sac dep an toan va hieu qua,15.6,372,https://images.unsplash.com/photo-1571781526291-c477eb311dc6?w=400
3,1,Tine Velvet Rollerball 24,San pham Rollerball giup cham soc sac dep an toan va hieu qua,46.1,292,https://images.unsplash.com/photo-1512496015851-a1dc8a477858?w=400
3,1,Tine Silk Mist 25,San pham Mist giup cham soc sac dep an toan va hieu qua,70.7,268,https://images.unsplash.com/photo-1620916566398-39f1143ab7be?w=400
1,1,Tine Midnight Cleanser 26,San pham Cleanser giup cham soc sac dep an toan va hieu qua,52.4,189,https://images.unsplash.com/photo-1512496015851-a1dc8a477858?w=400
2,1,Tine Flawless Blush 27,San pham Blush giup cham soc sac dep an toan va hieu qua,16.6,470,https://images.unsplash.com/photo-1541643600914-78b084683601?w=400
2,1,Tine Ocean Cushion 28,San pham Cushion giup cham soc sac dep an toan va hieu qua,80.7,208,https://images.unsplash.com/photo-1541643600914-78b084683601?w=400
1,1,Tine Radiant Mask 29,San pham Mask giup cham soc sac dep an toan va hieu qua,28.2,335,https://images.unsplash.com/photo-1541643600914-78b084683601?w=400
1,1,Tine Hydrating Cream 30,San pham Cream giup cham soc sac dep an toan va hieu qua,67.7,55,https://images.unsplash.com/photo-1586495777744-4413f21062fa?w=400
3,1,Tine Velvet Rollerball 31,San pham Rollerball giup cham soc sac dep an toan va hieu qua,82.7,403,https://images.unsplash.com/photo-1586495777744-4413f21062fa?w=400
2,1,Tine Ocean Lipstick 32,San pham Lipstick giup cham soc sac dep an toan va hieu qua,89.5,130,https://images.unsplash.com/photo-1512496015851-a1dc8a477858?w=400
3,1,Tine Glow Perfume 33,San pham Perfume giup cham soc sac dep an toan va hieu qua,64.3,171,https://images.unsplash.com/photo-1571781526291-c477eb311dc6?w=400
3,1,Tine Luminous Perfume 34,San pham Perfume giup cham soc sac dep an toan va hieu qua,71.6,102,https://images.unsplash.com/photo-1599305090598-fe179d501227?w=400
2,1,Tine Silk Blush 35,San pham Blush giup cham soc sac dep an toan va hieu qua,52.7,171,https://images.unsplash.com/photo-1599305090598-fe179d501227?w=400
1,1,Tine Pure Cleanser 36,San pham Cleanser giup cham soc sac dep an toan va hieu qua,18.5,496,https://images.unsplash.com/photo-1620916566398-39f1143ab7be?w=400
3,1,Tine Flawless Perfume 37,San pham Perfume giup cham soc sac dep an toan va hieu qua,17.4,202,https://images.unsplash.com/photo-1586495777744-4413f21062fa?w=400
1,1,Tine Glow Cleanser 38,San pham Cleanser giup cham soc sac dep an toan va hieu qua,32.8,286,https://images.unsplash.com/photo-1620916566398-39f1143ab7be?w=400
3,1,Tine Ocean Mist 39,San pham Mist giup cham soc sac dep an toan va hieu qua,69.3,299,https://images.unsplash.com/photo-1515688594390-b649af70d282?w=400
3,1,Tine Silk Perfume 40,San pham Perfume giup cham soc sac dep an toan va hieu qua,33.0,116,https://images.unsplash.com/photo-1541643600914-78b084683601?w=400
2,1,Tine Velvet Cushion 41,San pham Cushion giup cham soc sac dep an toan va hieu qua,19.3,292,https://images.unsplash.com/photo-1571781526291-c477eb311dc6?w=400
3,1,Tine Silk Body Wash 42,San pham Body Wash giup cham soc sac dep an toan va hieu qua,49.0,316,https://images.unsplash.com/photo-1620916566398-39f1143ab7be?w=400
1,1,Tine Silk Toner 43,San pham Toner giup cham soc sac dep an toan va hieu qua,61.8,213,https://images.unsplash.com/photo-1620916566398-39f1143ab7be?w=400
3,1,Tine Luminous Perfume 44,San pham Perfume giup cham soc sac dep an toan va hieu qua,81.6,431,https://images.unsplash.com/photo-1541643600914-78b084683601?w=400
2,1,Tine Hydrating Cushion 45,San pham Cushion giup cham soc sac dep an toan va hieu qua,33.9,113,https://images.unsplash.com/photo-1620916566398-39f1143ab7be?w=400
1,1,Tine Hydrating Serum 46,San pham Serum giup cham soc sac dep an toan va hieu qua,82.9,436,https://images.unsplash.com/photo-1571781526291-c477eb311dc6?w=400
1,1,Tine Midnight Mask 47,San pham Mask giup cham soc sac dep an toan va hieu qua,90.2,376,https://images.unsplash.com/photo-1515688594390-b649af70d282?w=400
1,1,Tine Glow Serum 48,San pham Serum giup cham soc sac dep an toan va hieu qua,41.7,91,https://images.unsplash.com/photo-1586495777744-4413f21062fa?w=400
2,1,Tine Silk Cushion 49,San pham Cushion giup cham soc sac dep an toan va hieu qua,34.8,132,https://images.unsplash.com/photo-1586495777744-4413f21062fa?w=400
1,1,Tine Midnight Cream 50,San pham Cream giup cham soc sac dep an toan va hieu qua,80.8,394,https://images.unsplash.com/photo-1599305090598-fe179d501227?w=400
3,1,Tine Hydrating Lotion 51,San pham Lotion giup cham soc sac dep an toan va hieu qua,31.2,251,https://images.unsplash.com/photo-1512496015851-a1dc8a477858?w=400
3,1,Tine Ocean Lotion 52,San pham Lotion giup cham soc sac dep an toan va hieu qua,30.4,385,https://images.unsplash.com/photo-1515688594390-b649af70d282?w=400
2,1,Tine Pure Blush 53,San pham Blush giup cham soc sac dep an toan va hieu qua,66.7,61,https://images.unsplash.com/photo-1515688594390-b649af70d282?w=400
3,1,Tine Ocean Body Wash 54,San pham Body Wash giup cham soc sac dep an toan va hieu qua,25.5,386,https://images.unsplash.com/photo-1541643600914-78b084683601?w=400
2,1,Tine Radiant Cushion 55,San pham Cushion giup cham soc sac dep an toan va hieu qua,84.0,205,https://images.unsplash.com/photo-1620916566398-39f1143ab7be?w=400
3,1,Tine Flawless Mist 56,San pham Mist giup cham soc sac dep an toan va hieu qua,22.8,217,https://images.unsplash.com/photo-1620916566398-39f1143ab7be?w=400
3,1,Tine Glow Perfume 57,San pham Perfume giup cham soc sac dep an toan va hieu qua,79.5,244,https://images.unsplash.com/photo-1571781526291-c477eb311dc6?w=400
2,1,Tine Glow Foundation 58,San pham Foundation giup cham soc sac dep an toan va hieu qua,79.4,240,https://images.unsplash.com/photo-1620916566398-39f1143ab7be?w=400
2,1,Tine Ocean Lipstick 59,San pham Lipstick giup cham soc sac dep an toan va hieu qua,81.7,391,https://images.unsplash.com/photo-1571781526291-c477eb311dc6?w=400
2,1,Tine Hydrating Foundation 60,San pham Foundation giup cham soc sac dep an toan va hieu qua,72.8,213,https://images.unsplash.com/photo-1620916566398-39f1143ab7be?w=400
1,1,Tine Velvet Cleanser 61,San pham Cleanser giup cham soc sac dep an toan va hieu qua,92.0,337,https://images.unsplash.com/photo-1620916566398-39f1143ab7be?w=400
2,1,Tine Silk Blush 62,San pham Blush giup cham soc sac dep an toan va hieu qua,93.8,398,https://images.unsplash.com/photo-1599305090598-fe179d501227?w=400
1,1,Tine Radiant Mask 63,San pham Mask giup cham soc sac dep an toan va hieu qua,54.3,267,https://images.unsplash.com/photo-1515688594390-b649af70d282?w=400
1,1,Tine Radiant Mask 64,San pham Mask giup cham soc sac dep an toan va hieu qua,62.6,310,https://images.unsplash.com/photo-1620916566398-39f1143ab7be?w=400
3,1,Tine Silk Mist 65,San pham Mist giup cham soc sac dep an toan va hieu qua,15.9,309,https://images.unsplash.com/photo-1571781526291-c477eb311dc6?w=400
3,1,Tine Velvet Perfume 66,San pham Perfume giup cham soc sac dep an toan va hieu qua,49.1,120,https://images.unsplash.com/photo-1599305090598-fe179d501227?w=400
1,1,Tine Hydrating Mask 67,San pham Mask giup cham soc sac dep an toan va hieu qua,35.5,460,https://images.unsplash.com/photo-1515688594390-b649af70d282?w=400
1,1,Tine Hydrating Mask 68,San pham Mask giup cham soc sac dep an toan va hieu qua,45.1,405,https://images.unsplash.com/photo-1512496015851-a1dc8a477858?w=400
2,1,Tine Hydrating Lipstick 69,San pham Lipstick giup cham soc sac dep an toan va hieu qua,59.8,452,https://images.unsplash.com/photo-1512496015851-a1dc8a477858?w=400
1,1,Tine Glow Cleanser 70,San pham Cleanser giup cham soc sac dep an toan va hieu qua,55.4,382,https://images.unsplash.com/photo-1586495777744-4413f21062fa?w=400
3,1,Tine Silk Lotion 71,San pham Lotion giup cham soc sac dep an toan va hieu qua,73.7,402,https://images.unsplash.com/photo-1512496015851-a1dc8a477858?w=400
2,1,Tine Hydrating Blush 72,San pham Blush giup cham soc sac dep an toan va hieu qua,40.8,172,https://images.unsplash.com/photo-1541643600914-78b084683601?w=400
3,1,Tine Luminous Body Wash 73,San pham Body Wash giup cham soc sac dep an toan va hieu qua,28.9,39,https://images.unsplash.com/photo-1599305090598-fe179d501227?w=400
2,1,Tine Glow Blush 74,San pham Blush giup cham soc sac dep an toan va hieu qua,16.1,376,https://images.unsplash.com/photo-1586495777744-4413f21062fa?w=400
1,1,Tine Flawless Toner 75,San pham Toner giup cham soc sac dep an toan va hieu qua,69.4,440,https://images.unsplash.com/photo-1620916566398-39f1143ab7be?w=400
1,1,Tine Silk Cream 76,San pham Cream giup cham soc sac dep an toan va hieu qua,50.2,122,https://images.unsplash.com/photo-1541643600914-78b084683601?w=400
1,1,Tine Silk Cream 77,San pham Cream giup cham soc sac dep an toan va hieu qua,43.9,233,https://images.unsplash.com/photo-1571781526291-c477eb311dc6?w=400
1,1,Tine Silk Toner 78,San pham Toner giup cham soc sac dep an toan va hieu qua,83.8,240,https://images.unsplash.com/photo-1571781526291-c477eb311dc6?w=400
2,1,Tine Velvet Eyeliner 79,San pham Eyeliner giup cham soc sac dep an toan va hieu qua,33.7,422,https://images.unsplash.com/photo-1586495777744-4413f21062fa?w=400
2,1,Tine Ocean Cushion 80,San pham Cushion giup cham soc sac dep an toan va hieu qua,33.5,73,https://images.unsplash.com/photo-1541643600914-78b084683601?w=400
1,1,Tine Midnight Serum 81,San pham Serum giup cham soc sac dep an toan va hieu qua,15.5,410,https://images.unsplash.com/photo-1512496015851-a1dc8a477858?w=400
2,1,Tine Ocean Blush 82,San pham Blush giup cham soc sac dep an toan va hieu qua,31.8,240,https://images.unsplash.com/photo-1541643600914-78b084683601?w=400
1,1,Tine Ocean Serum 83,San pham Serum giup cham soc sac dep an toan va hieu qua,88.1,171,https://images.unsplash.com/photo-1515688594390-b649af70d282?w=400
2,1,Tine Hydrating Eyeliner 84,San pham Eyeliner giup cham soc sac dep an toan va hieu qua,92.2,500,https://images.unsplash.com/photo-1620916566398-39f1143ab7be?w=400
2,1,Tine Velvet Eyeliner 85,San pham Eyeliner giup cham soc sac dep an toan va hieu qua,37.0,443,https://images.unsplash.com/photo-1515688594390-b649af70d282?w=400
2,1,Tine Ocean Blush 86,San pham Blush giup cham soc sac dep an toan va hieu qua,28.3,160,https://images.unsplash.com/photo-1541643600914-78b084683601?w=400
2,1,Tine Flawless Eyeliner 87,San pham Eyeliner giup cham soc sac dep an toan va hieu qua,34.3,233,https://images.unsplash.com/photo-1620916566398-39f1143ab7be?w=400
1,1,Tine Silk Cleanser 88,San pham Cleanser giup cham soc sac dep an toan va hieu qua,78.1,211,https://images.unsplash.com/photo-1515688594390-b649af70d282?w=400
1,1,Tine Velvet Serum 89,San pham Serum giup cham soc sac dep an toan va hieu qua,84.8,260,https://images.unsplash.com/photo-1599305090598-fe179d501227?w=400
3,1,Tine Velvet Rollerball 90,San pham Rollerball giup cham soc sac dep an toan va hieu qua,27.5,238,https://images.unsplash.com/photo-1599305090598-fe179d501227?w=400
2,1,Tine Luminous Foundation 91,San pham Foundation giup cham soc sac dep an toan va hieu qua,34.8,179,https://images.unsplash.com/photo-1620916566398-39f1143ab7be?w=400
1,1,Tine Flawless Cream 92,San pham Cream giup cham soc sac dep an toan va hieu qua,70.2,323,https://images.unsplash.com/photo-1586495777744-4413f21062fa?w=400
3,1,Tine Velvet Rollerball 93,San pham Rollerball giup cham soc sac dep an toan va hieu qua,52.9,176,https://images.unsplash.com/photo-1586495777744-4413f21062fa?w=400
2,1,Tine Luminous Lipstick 94,San pham Lipstick giup cham soc sac dep an toan va hieu qua,76.1,388,https://images.unsplash.com/photo-1620916566398-39f1143ab7be?w=400
2,1,Tine Pure Eyeliner 95,San pham Eyeliner giup cham soc sac dep an toan va hieu qua,90.2,307,https://images.unsplash.com/photo-1599305090598-fe179d501227?w=400
1,1,Tine Silk Cream 96,San pham Cream giup cham soc sac dep an toan va hieu qua,82.6,106,https://images.unsplash.com/photo-1512496015851-a1dc8a477858?w=400
2,1,Tine Ocean Lipstick 97,San pham Lipstick giup cham soc sac dep an toan va hieu qua,28.3,146,https://images.unsplash.com/photo-1599305090598-fe179d501227?w=400
3,1,Tine Hydrating Rollerball 98,San pham Rollerball giup cham soc sac dep an toan va hieu qua,61.2,83,https://images.unsplash.com/photo-1599305090598-fe179d501227?w=400
1,1,Tine Glow Serum 99,San pham Serum giup cham soc sac dep an toan va hieu qua,81.3,150,https://images.unsplash.com/photo-1620916566398-39f1143ab7be?w=400
3,1,Tine Hydrating Rollerball 100,San pham Rollerball giup cham soc sac dep an toan va hieu qua,80.0,273,https://images.unsplash.com/photo-1599305090598-fe179d501227?w=400
3,1,Tine Silk Mist 101,San pham Mist giup cham soc sac dep an toan va hieu qua,29.6,406,https://images.unsplash.com/photo-1571781526291-c477eb311dc6?w=400
3,1,Tine Radiant Lotion 102,San pham Lotion giup cham soc sac dep an toan va hieu qua,29.2,247,https://images.unsplash.com/photo-1512496015851-a1dc8a477858?w=400
1,1,Tine Radiant Toner 103,San pham Toner giup cham soc sac dep an toan va hieu qua,87.1,408,https://images.unsplash.com/photo-1515688594390-b649af70d282?w=400
3,1,Tine Glow Lotion 104,San pham Lotion giup cham soc sac dep an toan va hieu qua,63.0,195,https://images.unsplash.com/photo-1541643600914-78b084683601?w=400
3,1,Tine Silk Body Wash 105,San pham Body Wash giup cham soc sac dep an toan va hieu qua,78.5,299,https://images.unsplash.com/photo-1586495777744-4413f21062fa?w=400
3,1,Tine Velvet Lotion 106,San pham Lotion giup cham soc sac dep an toan va hieu qua,62.7,265,https://images.unsplash.com/photo-1599305090598-fe179d501227?w=400
2,1,Tine Silk Lipstick 107,San pham Lipstick giup cham soc sac dep an toan va hieu qua,15.7,477,https://images.unsplash.com/photo-1586495777744-4413f21062fa?w=400
2,1,Tine Ocean Blush 108,San pham Blush giup cham soc sac dep an toan va hieu qua,75.7,325,https://images.unsplash.com/photo-1512496015851-a1dc8a477858?w=400
3,1,Tine Ocean Mist 109,San pham Mist giup cham soc sac dep an toan va hieu qua,76.8,71,https://images.unsplash.com/photo-1541643600914-78b084683601?w=400
2,1,Tine Midnight Blush 110,San pham Blush giup cham soc sac dep an toan va hieu qua,45.8,453,https://images.unsplash.com/photo-1620916566398-39f1143ab7be?w=400
2,1,Tine Pure Blush 111,San pham Blush giup cham soc sac dep an toan va hieu qua,34.3,154,https://images.unsplash.com/photo-1586495777744-4413f21062fa?w=400
1,1,Tine Flawless Serum 112,San pham Serum giup cham soc sac dep an toan va hieu qua,59.2,356,https://images.unsplash.com/photo-1515688594390-b649af70d282?w=400
3,1,Tine Luminous Mist 113,San pham Mist giup cham soc sac dep an toan va hieu qua,61.7,497,https://images.unsplash.com/photo-1586495777744-4413f21062fa?w=400
3,1,Tine Luminous Lotion 114,San pham Lotion giup cham soc sac dep an toan va hieu qua,92.9,113,https://images.unsplash.com/photo-1620916566398-39f1143ab7be?w=400
1,1,Tine Velvet Serum 115,San pham Serum giup cham soc sac dep an toan va hieu qua,54.7,46,https://images.unsplash.com/photo-1512496015851-a1dc8a477858?w=400
1,1,Tine Velvet Cream 116,San pham Cream giup cham soc sac dep an toan va hieu qua,47.5,465,https://images.unsplash.com/photo-1620916566398-39f1143ab7be?w=400
1,1,Tine Silk Serum 117,San pham Serum giup cham soc sac dep an toan va hieu qua,46.5,324,https://images.unsplash.com/photo-1586495777744-4413f21062fa?w=400
2,1,Tine Silk Eyeliner 118,San pham Eyeliner giup cham soc sac dep an toan va hieu qua,45.0,294,https://images.unsplash.com/photo-1620916566398-39f1143ab7be?w=400
3,1,Tine Glow Perfume 119,San pham Perfume giup cham soc sac dep an toan va hieu qua,40.7,422,https://images.unsplash.com/photo-1620916566398-39f1143ab7be?w=400
3,1,Tine Silk Lotion 120,San pham Lotion giup cham soc sac dep an toan va hieu qua,82.8,297,https://images.unsplash.com/photo-1512496015851-a1dc8a477858?w=400
3,1,Tine Midnight Body Wash 121,San pham Body Wash giup cham soc sac dep an toan va hieu qua,39.1,137,https://images.unsplash.com/photo-1515688594390-b649af70d282?w=400
3,1,Tine Silk Body Wash 122,San pham Body Wash giup cham soc sac dep an toan va hieu qua,76.4,260,https://images.unsplash.com/photo-1599305090598-fe179d501227?w=400
2,1,Tine Velvet Lipstick 123,San pham Lipstick giup cham soc sac dep an toan va hieu qua,60.8,335,https://images.unsplash.com/photo-1515688594390-b649af70d282?w=400
2,1,Tine Midnight Blush 124,San pham Blush giup cham soc sac dep an toan va hieu qua,90.4,142,https://images.unsplash.com/photo-1541643600914-78b084683601?w=400
3,1,Tine Glow Lotion 125,San pham Lotion giup cham soc sac dep an toan va hieu qua,23.7,80,https://images.unsplash.com/photo-1515688594390-b649af70d282?w=400
3,1,Tine Pure Rollerball 126,San pham Rollerball giup cham soc sac dep an toan va hieu qua,44.0,373,https://images.unsplash.com/photo-1541643600914-78b084683601?w=400
3,1,Tine Flawless Mist 127,San pham Mist giup cham soc sac dep an toan va hieu qua,64.6,35,https://images.unsplash.com/photo-1512496015851-a1dc8a477858?w=400
3,1,Tine Silk Lotion 128,San pham Lotion giup cham soc sac dep an toan va hieu qua,62.1,223,https://images.unsplash.com/photo-1541643600914-78b084683601?w=400
3,1,Tine Silk Mist 129,San pham Mist giup cham soc sac dep an toan va hieu qua,40.8,274,https://images.unsplash.com/photo-1571781526291-c477eb311dc6?w=400
2,1,Tine Midnight Cushion 130,San pham Cushion giup cham soc sac dep an toan va hieu qua,94.3,352,https://images.unsplash.com/photo-1515688594390-b649af70d282?w=400
1,1,Tine Midnight Mask 131,San pham Mask giup cham soc sac dep an toan va hieu qua,46.9,145,https://images.unsplash.com/photo-1599305090598-fe179d501227?w=400
1,1,Tine Flawless Cleanser 132,San pham Cleanser giup cham soc sac dep an toan va hieu qua,39.5,416,https://images.unsplash.com/photo-1515688594390-b649af70d282?w=400
3,1,Tine Midnight Lotion 133,San pham Lotion giup cham soc sac dep an toan va hieu qua,33.1,80,https://images.unsplash.com/photo-1620916566398-39f1143ab7be?w=400
3,1,Tine Pure Mist 134,San pham Mist giup cham soc sac dep an toan va hieu qua,74.4,99,https://images.unsplash.com/photo-1571781526291-c477eb311dc6?w=400
1,1,Tine Silk Cream 135,San pham Cream giup cham soc sac dep an toan va hieu qua,58.4,373,https://images.unsplash.com/photo-1586495777744-4413f21062fa?w=400
2,1,Tine Pure Cushion 136,San pham Cushion giup cham soc sac dep an toan va hieu qua,34.6,442,https://images.unsplash.com/photo-1515688594390-b649af70d282?w=400
3,1,Tine Luminous Perfume 137,San pham Perfume giup cham soc sac dep an toan va hieu qua,41.5,262,https://images.unsplash.com/photo-1512496015851-a1dc8a477858?w=400
1,1,Tine Hydrating Cream 138,San pham Cream giup cham soc sac dep an toan va hieu qua,38.7,381,https://images.unsplash.com/photo-1512496015851-a1dc8a477858?w=400
3,1,Tine Pure Rollerball 139,San pham Rollerball giup cham soc sac dep an toan va hieu qua,50.3,417,https://images.unsplash.com/photo-1541643600914-78b084683601?w=400
1,1,Tine Midnight Toner 140,San pham Toner giup cham soc sac dep an toan va hieu qua,54.2,243,https://images.unsplash.com/photo-1586495777744-4413f21062fa?w=400
3,1,Tine Radiant Lotion 141,San pham Lotion giup cham soc sac dep an toan va hieu qua,94.3,363,https://images.unsplash.com/photo-1599305090598-fe179d501227?w=400
2,1,Tine Radiant Cushion 142,San pham Cushion giup cham soc sac dep an toan va hieu qua,91.7,146,https://images.unsplash.com/photo-1515688594390-b649af70d282?w=400
2,1,Tine Ocean Cushion 143,San pham Cushion giup cham soc sac dep an toan va hieu qua,66.2,361,https://images.unsplash.com/photo-1541643600914-78b084683601?w=400
3,1,Tine Pure Perfume 144,San pham Perfume giup cham soc sac dep an toan va hieu qua,19.1,359,https://images.unsplash.com/photo-1515688594390-b649af70d282?w=400
2,1,Tine Flawless Cushion 145,San pham Cushion giup cham soc sac dep an toan va hieu qua,48.5,452,https://images.unsplash.com/photo-1512496015851-a1dc8a477858?w=400
1,1,Tine Midnight Cream 146,San pham Cream giup cham soc sac dep an toan va hieu qua,51.3,448,https://images.unsplash.com/photo-1541643600914-78b084683601?w=400
3,1,Tine Pure Rollerball 147,San pham Rollerball giup cham soc sac dep an toan va hieu qua,69.9,291,https://images.unsplash.com/photo-1571781526291-c477eb311dc6?w=400
3,1,Tine Glow Body Wash 148,San pham Body Wash giup cham soc sac dep an toan va hieu qua,35.7,21,https://images.unsplash.com/photo-1512496015851-a1dc8a477858?w=400
3,1,Tine Pure Body Wash 149,San pham Body Wash giup cham soc sac dep an toan va hieu qua,62.9,394,https://images.unsplash.com/photo-1620916566398-39f1143ab7be?w=400
2,1,Tine Pure Lipstick 150,San pham Lipstick giup cham soc sac dep an toan va hieu qua,24.6,36,https://images.unsplash.com/photo-1571781526291-c477eb311dc6?w=400
3,1,Tine Pure Body Wash 151,San pham Body Wash giup cham soc sac dep an toan va hieu qua,55.5,488,https://images.unsplash.com/photo-1541643600914-78b084683601?w=400
1,1,Tine Flawless Toner 152,San pham Toner giup cham soc sac dep an toan va hieu qua,43.0,406,https://images.unsplash.com/photo-1586495777744-4413f21062fa?w=400
3,1,Tine Silk Mist 153,San pham Mist giup cham soc sac dep an toan va hieu qua,80.9,297,https://images.unsplash.com/photo-1599305090598-fe179d501227?w=400
1,1,Tine Flawless Cream 154,San pham Cream giup cham soc sac dep an toan va hieu qua,32.3,262,https://images.unsplash.com/photo-1571781526291-c477eb311dc6?w=400
2,1,Tine Radiant Lipstick 155,San pham Lipstick giup cham soc sac dep an toan va hieu qua,92.8,91,https://images.unsplash.com/photo-1515688594390-b649af70d282?w=400
3,1,Tine Pure Body Wash 156,San pham Body Wash giup cham soc sac dep an toan va hieu qua,54.8,401,https://images.unsplash.com/photo-1620916566398-39f1143ab7be?w=400
1,1,Tine Glow Cream 157,San pham Cream giup cham soc sac dep an toan va hieu qua,94.6,208,https://images.unsplash.com/photo-1620916566398-39f1143ab7be?w=400
1,1,Tine Radiant Toner 158,San pham Toner giup cham soc sac dep an toan va hieu qua,19.3,414,https://images.unsplash.com/photo-1586495777744-4413f21062fa?w=400
1,1,Tine Luminous Cream 159,San pham Cream giup cham soc sac dep an toan va hieu qua,27.7,408,https://images.unsplash.com/photo-1541643600914-78b084683601?w=400
2,1,Tine Flawless Cushion 160,San pham Cushion giup cham soc sac dep an toan va hieu qua,54.9,250,https://images.unsplash.com/photo-1571781526291-c477eb311dc6?w=400
1,1,Tine Radiant Serum 161,San pham Serum giup cham soc sac dep an toan va hieu qua,46.8,378,https://images.unsplash.com/photo-1599305090598-fe179d501227?w=400
2,1,Tine Glow Foundation 162,San pham Foundation giup cham soc sac dep an toan va hieu qua,76.8,33,https://images.unsplash.com/photo-1515688594390-b649af70d282?w=400
3,1,Tine Ocean Lotion 163,San pham Lotion giup cham soc sac dep an toan va hieu qua,49.6,362,https://images.unsplash.com/photo-1512496015851-a1dc8a477858?w=400
3,1,Tine Midnight Perfume 164,San pham Perfume giup cham soc sac dep an toan va hieu qua,44.9,416,https://images.unsplash.com/photo-1571781526291-c477eb311dc6?w=400
3,1,Tine Flawless Body Wash 165,San pham Body Wash giup cham soc sac dep an toan va hieu qua,32.7,296,https://images.unsplash.com/photo-1620916566398-39f1143ab7be?w=400
2,1,Tine Silk Blush 166,San pham Blush giup cham soc sac dep an toan va hieu qua,32.1,457,https://images.unsplash.com/photo-1571781526291-c477eb311dc6?w=400
1,1,Tine Glow Serum 167,San pham Serum giup cham soc sac dep an toan va hieu qua,48.4,461,https://images.unsplash.com/photo-1541643600914-78b084683601?w=400
3,1,Tine Pure Lotion 168,San pham Lotion giup cham soc sac dep an toan va hieu qua,56.2,202,https://images.unsplash.com/photo-1515688594390-b649af70d282?w=400
1,1,Tine Hydrating Cleanser 169,San pham Cleanser giup cham soc sac dep an toan va hieu qua,59.2,37,https://images.unsplash.com/photo-1571781526291-c477eb311dc6?w=400
1,1,Tine Flawless Mask 170,San pham Mask giup cham soc sac dep an toan va hieu qua,58.8,280,https://images.unsplash.com/photo-1620916566398-39f1143ab7be?w=400
1,1,Tine Radiant Toner 171,San pham Toner giup cham soc sac dep an toan va hieu qua,39.5,318,https://images.unsplash.com/photo-1512496015851-a1dc8a477858?w=400
3,1,Tine Glow Lotion 172,San pham Lotion giup cham soc sac dep an toan va hieu qua,26.2,176,https://images.unsplash.com/photo-1515688594390-b649af70d282?w=400
1,1,Tine Radiant Cleanser 173,San pham Cleanser giup cham soc sac dep an toan va hieu qua,72.8,499,https://images.unsplash.com/photo-1515688594390-b649af70d282?w=400
1,1,Tine Silk Serum 174,San pham Serum giup cham soc sac dep an toan va hieu qua,68.2,489,https://images.unsplash.com/photo-1512496015851-a1dc8a477858?w=400
3,1,Tine Midnight Mist 175,San pham Mist giup cham soc sac dep an toan va hieu qua,55.7,459,https://images.unsplash.com/photo-1620916566398-39f1143ab7be?w=400
3,1,Tine Glow Body Wash 176,San pham Body Wash giup cham soc sac dep an toan va hieu qua,39.4,161,https://images.unsplash.com/photo-1515688594390-b649af70d282?w=400
1,1,Tine Flawless Toner 177,San pham Toner giup cham soc sac dep an toan va hieu qua,41.6,142,https://images.unsplash.com/photo-1599305090598-fe179d501227?w=400
1,1,Tine Flawless Toner 178,San pham Toner giup cham soc sac dep an toan va hieu qua,93.2,24,https://images.unsplash.com/photo-1541643600914-78b084683601?w=400
3,1,Tine Luminous Lotion 179,San pham Lotion giup cham soc sac dep an toan va hieu qua,69.7,370,https://images.unsplash.com/photo-1541643600914-78b084683601?w=400
3,1,Tine Glow Mist 180,San pham Mist giup cham soc sac dep an toan va hieu qua,37.0,71,https://images.unsplash.com/photo-1586495777744-4413f21062fa?w=400
1,1,Tine Flawless Cream 181,San pham Cream giup cham soc sac dep an toan va hieu qua,33.8,233,https://images.unsplash.com/photo-1620916566398-39f1143ab7be?w=400
2,1,Tine Luminous Eyeliner 182,San pham Eyeliner giup cham soc sac dep an toan va hieu qua,93.3,323,https://images.unsplash.com/photo-1586495777744-4413f21062fa?w=400
2,1,Tine Flawless Blush 183,San pham Blush giup cham soc sac dep an toan va hieu qua,59.7,274,https://images.unsplash.com/photo-1599305090598-fe179d501227?w=400
2,1,Tine Radiant Eyeliner 184,San pham Eyeliner giup cham soc sac dep an toan va hieu qua,82.6,384,https://images.unsplash.com/photo-1586495777744-4413f21062fa?w=400
1,1,Tine Midnight Mask 185,San pham Mask giup cham soc sac dep an toan va hieu qua,64.3,145,https://images.unsplash.com/photo-1586495777744-4413f21062fa?w=400
3,1,Tine Silk Lotion 186,San pham Lotion giup cham soc sac dep an toan va hieu qua,81.4,313,https://images.unsplash.com/photo-1586495777744-4413f21062fa?w=400
1,1,Tine Radiant Serum 187,San pham Serum giup cham soc sac dep an toan va hieu qua,40.9,460,https://images.unsplash.com/photo-1586495777744-4413f21062fa?w=400
1,1,Tine Glow Toner 188,San pham Toner giup cham soc sac dep an toan va hieu qua,57.2,310,https://images.unsplash.com/photo-1541643600914-78b084683601?w=400
2,1,Tine Luminous Lipstick 189,San pham Lipstick giup cham soc sac dep an toan va hieu qua,81.6,265,https://images.unsplash.com/photo-1512496015851-a1dc8a477858?w=400
1,1,Tine Glow Cream 190,San pham Cream giup cham soc sac dep an toan va hieu qua,38.6,95,https://images.unsplash.com/photo-1515688594390-b649af70d282?w=400
2,1,Tine Velvet Lipstick 191,San pham Lipstick giup cham soc sac dep an toan va hieu qua,35.9,410,https://images.unsplash.com/photo-1512496015851-a1dc8a477858?w=400
2,1,Tine Pure Lipstick 192,San pham Lipstick giup cham soc sac dep an toan va hieu qua,41.3,71,https://images.unsplash.com/photo-1571781526291-c477eb311dc6?w=400
2,1,Tine Luminous Foundation 193,San pham Foundation giup cham soc sac dep an toan va hieu qua,77.7,303,https://images.unsplash.com/photo-1512496015851-a1dc8a477858?w=400
1,1,Tine Silk Cleanser 194,San pham Cleanser giup cham soc sac dep an toan va hieu qua,77.1,121,https://images.unsplash.com/photo-1586495777744-4413f21062fa?w=400
1,1,Tine Hydrating Toner 195,San pham Toner giup cham soc sac dep an toan va hieu qua,83.5,225,https://images.unsplash.com/photo-1512496015851-a1dc8a477858?w=400
2,1,Tine Silk Blush 196,San pham Blush giup cham soc sac dep an toan va hieu qua,74.2,146,https://images.unsplash.com/photo-1620916566398-39f1143ab7be?w=400
1,1,Tine Silk Toner 197,San pham Toner giup cham soc sac dep an toan va hieu qua,42.3,30,https://images.unsplash.com/photo-1571781526291-c477eb311dc6?w=400
2,1,Tine Midnight Foundation 198,San pham Foundation giup cham soc sac dep an toan va hieu qua,18.7,445,https://images.unsplash.com/photo-1586495777744-4413f21062fa?w=400
3,1,Tine Flawless Lotion 199,San pham Lotion giup cham soc sac dep an toan va hieu qua,60.0,93,https://images.unsplash.com/photo-1571781526291-c477eb311dc6?w=400
1,1,Tine Ocean Serum 200,San pham Serum giup cham soc sac dep an toan va hieu qua,72.1,54,https://images.unsplash.com/photo-1571781526291-c477eb311dc6?w=400
2,1,Tine Pure Foundation 201,San pham Foundation giup cham soc sac dep an toan va hieu qua,23.9,116,https://images.unsplash.com/photo-1571781526291-c477eb311dc6?w=400
1,1,Tine Silk Serum 202,San pham Serum giup cham soc sac dep an toan va hieu qua,88.2,358,https://images.unsplash.com/photo-1515688594390-b649af70d282?w=400
3,1,Tine Ocean Perfume 203,San pham Perfume giup cham soc sac dep an toan va hieu qua,61.8,493,https://images.unsplash.com/photo-1512496015851-a1dc8a477858?w=400
2,1,Tine Flawless Blush 204,San pham Blush giup cham soc sac dep an toan va hieu qua,51.4,341,https://images.unsplash.com/photo-1571781526291-c477eb311dc6?w=400
1,1,Tine Radiant Mask 205,San pham Mask giup cham soc sac dep an toan va hieu qua,67.8,449,https://images.unsplash.com/photo-1599305090598-fe179d501227?w=400
2,1,Tine Ocean Cushion 206,San pham Cushion giup cham soc sac dep an toan va hieu qua,64.6,144,https://images.unsplash.com/photo-1599305090598-fe179d501227?w=400
2,1,Tine Midnight Lipstick 207,San pham Lipstick giup cham soc sac dep an toan va hieu qua,46.9,86,https://images.unsplash.com/photo-1541643600914-78b084683601?w=400
3,1,Tine Flawless Mist 208,San pham Mist giup cham soc sac dep an toan va hieu qua,27.3,357,https://images.unsplash.com/photo-1620916566398-39f1143ab7be?w=400
3,1,Tine Silk Mist 209,San pham Mist giup cham soc sac dep an toan va hieu qua,58.3,66,https://images.unsplash.com/photo-1512496015851-a1dc8a477858?w=400
2,1,Tine Glow Foundation 210,San pham Foundation giup cham soc sac dep an toan va hieu qua,82.8,290,https://images.unsplash.com/photo-1586495777744-4413f21062fa?w=400
3,1,Tine Pure Body Wash 211,San pham Body Wash giup cham soc sac dep an toan va hieu qua,76.4,246,https://images.unsplash.com/photo-1512496015851-a1dc8a477858?w=400
1,1,Tine Velvet Mask 212,San pham Mask giup cham soc sac dep an toan va hieu qua,57.8,293,https://images.unsplash.com/photo-1515688594390-b649af70d282?w=400
2,1,Tine Velvet Blush 213,San pham Blush giup cham soc sac dep an toan va hieu qua,48.1,487,https://images.unsplash.com/photo-1586495777744-4413f21062fa?w=400
1,1,Tine Luminous Cream 214,San pham Cream giup cham soc sac dep an toan va hieu qua,45.1,133,https://images.unsplash.com/photo-1620916566398-39f1143ab7be?w=400
1,1,Tine Flawless Toner 215,San pham Toner giup cham soc sac dep an toan va hieu qua,68.6,344,https://images.unsplash.com/photo-1571781526291-c477eb311dc6?w=400
2,1,Tine Glow Cushion 216,San pham Cushion giup cham soc sac dep an toan va hieu qua,61.4,488,https://images.unsplash.com/photo-1512496015851-a1dc8a477858?w=400
3,1,Tine Midnight Mist 217,San pham Mist giup cham soc sac dep an toan va hieu qua,94.4,468,https://images.unsplash.com/photo-1515688594390-b649af70d282?w=400
3,1,Tine Midnight Rollerball 218,San pham Rollerball giup cham soc sac dep an toan va hieu qua,75.7,84,https://images.unsplash.com/photo-1512496015851-a1dc8a477858?w=400
1,1,Tine Pure Serum 219,San pham Serum giup cham soc sac dep an toan va hieu qua,86.6,442,https://images.unsplash.com/photo-1512496015851-a1dc8a477858?w=400
1,1,Tine Glow Mask 220,San pham Mask giup cham soc sac dep an toan va hieu qua,51.2,232,https://images.unsplash.com/photo-1512496015851-a1dc8a477858?w=400
1,1,Tine Glow Cream 221,San pham Cream giup cham soc sac dep an toan va hieu qua,74.7,454,https://images.unsplash.com/photo-1515688594390-b649af70d282?w=400
2,1,Tine Luminous Eyeliner 222,San pham Eyeliner giup cham soc sac dep an toan va hieu qua,71.1,289,https://images.unsplash.com/photo-1515688594390-b649af70d282?w=400
3,1,Tine Ocean Rollerball 223,San pham Rollerball giup cham soc sac dep an toan va hieu qua,40.7,153,https://images.unsplash.com/photo-1515688594390-b649af70d282?w=400
2,1,Tine Ocean Eyeliner 224,San pham Eyeliner giup cham soc sac dep an toan va hieu qua,37.5,126,https://images.unsplash.com/photo-1571781526291-c477eb311dc6?w=400
1,1,Tine Hydrating Toner 225,San pham Toner giup cham soc sac dep an toan va hieu qua,50.6,339,https://images.unsplash.com/photo-1586495777744-4413f21062fa?w=400
1,1,Tine Radiant Toner 226,San pham Toner giup cham soc sac dep an toan va hieu qua,79.3,79,https://images.unsplash.com/photo-1512496015851-a1dc8a477858?w=400
3,1,Tine Velvet Mist 227,San pham Mist giup cham soc sac dep an toan va hieu qua,15.6,293,https://images.unsplash.com/photo-1515688594390-b649af70d282?w=400
3,1,Tine Hydrating Body Wash 228,San pham Body Wash giup cham soc sac dep an toan va hieu qua,88.6,386,https://images.unsplash.com/photo-1599305090598-fe179d501227?w=400
3,1,Tine Glow Body Wash 229,San pham Body Wash giup cham soc sac dep an toan va hieu qua,17.2,96,https://images.unsplash.com/photo-1515688594390-b649af70d282?w=400
2,1,Tine Glow Lipstick 230,San pham Lipstick giup cham soc sac dep an toan va hieu qua,68.6,328,https://images.unsplash.com/photo-1571781526291-c477eb311dc6?w=400
3,1,Tine Radiant Lotion 231,San pham Lotion giup cham soc sac dep an toan va hieu qua,46.8,22,https://images.unsplash.com/photo-1586495777744-4413f21062fa?w=400
2,1,Tine Flawless Eyeliner 232,San pham Eyeliner giup cham soc sac dep an toan va hieu qua,22.3,34,https://images.unsplash.com/photo-1586495777744-4413f21062fa?w=400
2,1,Tine Silk Foundation 233,San pham Foundation giup cham soc sac dep an toan va hieu qua,36.3,472,https://images.unsplash.com/photo-1515688594390-b649af70d282?w=400
3,1,Tine Velvet Perfume 234,San pham Perfume giup cham soc sac dep an toan va hieu qua,88.0,121,https://images.unsplash.com/photo-1586495777744-4413f21062fa?w=400
2,1,Tine Glow Cushion 235,San pham Cushion giup cham soc sac dep an toan va hieu qua,51.7,220,https://images.unsplash.com/photo-1512496015851-a1dc8a477858?w=400
2,1,Tine Radiant Blush 236,San pham Blush giup cham soc sac dep an toan va hieu qua,50.8,497,https://images.unsplash.com/photo-1571781526291-c477eb311dc6?w=400
1,1,Tine Glow Cream 237,San pham Cream giup cham soc sac dep an toan va hieu qua,81.2,63,https://images.unsplash.com/photo-1512496015851-a1dc8a477858?w=400
2,1,Tine Velvet Cushion 238,San pham Cushion giup cham soc sac dep an toan va hieu qua,28.5,333,https://images.unsplash.com/photo-1586495777744-4413f21062fa?w=400
1,1,Tine Flawless Cream 239,San pham Cream giup cham soc sac dep an toan va hieu qua,53.7,29,https://images.unsplash.com/photo-1586495777744-4413f21062fa?w=400
3,1,Tine Velvet Perfume 240,San pham Perfume giup cham soc sac dep an toan va hieu qua,80.9,375,https://images.unsplash.com/photo-1620916566398-39f1143ab7be?w=400
2,1,Tine Ocean Cushion 241,San pham Cushion giup cham soc sac dep an toan va hieu qua,50.5,472,https://images.unsplash.com/photo-1571781526291-c477eb311dc6?w=400
1,1,Tine Radiant Cleanser 242,San pham Cleanser giup cham soc sac dep an toan va hieu qua,66.7,395,https://images.unsplash.com/photo-1541643600914-78b084683601?w=400
1,1,Tine Hydrating Cleanser 243,San pham Cleanser giup cham soc sac dep an toan va hieu qua,60.3,306,https://images.unsplash.com/photo-1571781526291-c477eb311dc6?w=400
1,1,Tine Luminous Serum 244,San pham Serum giup cham soc sac dep an toan va hieu qua,40.2,494,https://images.unsplash.com/photo-1541643600914-78b084683601?w=400
1,1,Tine Velvet Toner 245,San pham Toner giup cham soc sac dep an toan va hieu qua,83.9,187,https://images.unsplash.com/photo-1571781526291-c477eb311dc6?w=400
1,1,Tine Flawless Cream 246,San pham Cream giup cham soc sac dep an toan va hieu qua,73.9,66,https://images.unsplash.com/photo-1599305090598-fe179d501227?w=400
3,1,Tine Silk Lotion 247,San pham Lotion giup cham soc sac dep an toan va hieu qua,28.1,154,https://images.unsplash.com/photo-1515688594390-b649af70d282?w=400
3,1,Tine Flawless Rollerball 248,San pham Rollerball giup cham soc sac dep an toan va hieu qua,82.2,443,https://images.unsplash.com/photo-1599305090598-fe179d501227?w=400
1,1,Tine Glow Cream 249,San pham Cream giup cham soc sac dep an toan va hieu qua,91.4,209,https://images.unsplash.com/photo-1599305090598-fe179d501227?w=400
1,1,Tine Hydrating Serum 250,San pham Serum giup cham soc sac dep an toan va hieu qua,42.9,164,https://images.unsplash.com/photo-1571781526291-c477eb311dc6?w=400
3,1,Tine Radiant Body Wash 251,San pham Body Wash giup cham soc sac dep an toan va hieu qua,67.2,69,https://images.unsplash.com/photo-1515688594390-b649af70d282?w=400
3,1,Tine Hydrating Rollerball 252,San pham Rollerball giup cham soc sac dep an toan va hieu qua,65.2,403,https://images.unsplash.com/photo-1571781526291-c477eb311dc6?w=400
3,1,Tine Pure Rollerball 253,San pham Rollerball giup cham soc sac dep an toan va hieu qua,20.8,452,https://images.unsplash.com/photo-1571781526291-c477eb311dc6?w=400
1,1,Tine Midnight Cleanser 254,San pham Cleanser giup cham soc sac dep an toan va hieu qua,77.9,34,https://images.unsplash.com/photo-1620916566398-39f1143ab7be?w=400
1,1,Tine Hydrating Mask 255,San pham Mask giup cham soc sac dep an toan va hieu qua,55.4,35,https://images.unsplash.com/photo-1515688594390-b649af70d282?w=400
3,1,Tine Silk Body Wash 256,San pham Body Wash giup cham soc sac dep an toan va hieu qua,22.8,367,https://images.unsplash.com/photo-1541643600914-78b084683601?w=400
1,1,Tine Velvet Toner 257,San pham Toner giup cham soc sac dep an toan va hieu qua,78.5,45,https://images.unsplash.com/photo-1515688594390-b649af70d282?w=400
2,1,Tine Radiant Foundation 258,San pham Foundation giup cham soc sac dep an toan va hieu qua,28.8,224,https://images.unsplash.com/photo-1512496015851-a1dc8a477858?w=400
2,1,Tine Ocean Blush 259,San pham Blush giup cham soc sac dep an toan va hieu qua,74.8,325,https://images.unsplash.com/photo-1515688594390-b649af70d282?w=400
1,1,Tine Hydrating Serum 260,San pham Serum giup cham soc sac dep an toan va hieu qua,79.0,58,https://images.unsplash.com/photo-1541643600914-78b084683601?w=400
2,1,Tine Luminous Lipstick 261,San pham Lipstick giup cham soc sac dep an toan va hieu qua,20.0,103,https://images.unsplash.com/photo-1515688594390-b649af70d282?w=400
2,1,Tine Hydrating Eyeliner 262,San pham Eyeliner giup cham soc sac dep an toan va hieu qua,73.1,481,https://images.unsplash.com/photo-1620916566398-39f1143ab7be?w=400
1,1,Tine Velvet Toner 263,San pham Toner giup cham soc sac dep an toan va hieu qua,82.3,421,https://images.unsplash.com/photo-1620916566398-39f1143ab7be?w=400
1,1,Tine Radiant Cream 264,San pham Cream giup cham soc sac dep an toan va hieu qua,80.5,128,https://images.unsplash.com/photo-1599305090598-fe179d501227?w=400
1,1,Tine Radiant Toner 265,San pham Toner giup cham soc sac dep an toan va hieu qua,91.5,93,https://images.unsplash.com/photo-1541643600914-78b084683601?w=400
3,1,Tine Luminous Perfume 266,San pham Perfume giup cham soc sac dep an toan va hieu qua,81.1,239,https://images.unsplash.com/photo-1620916566398-39f1143ab7be?w=400
1,1,Tine Radiant Mask 267,San pham Mask giup cham soc sac dep an toan va hieu qua,86.4,436,https://images.unsplash.com/photo-1512496015851-a1dc8a477858?w=400
2,1,Tine Flawless Eyeliner 268,San pham Eyeliner giup cham soc sac dep an toan va hieu qua,52.5,298,https://images.unsplash.com/photo-1599305090598-fe179d501227?w=400
1,1,Tine Radiant Mask 269,San pham Mask giup cham soc sac dep an toan va hieu qua,77.6,24,https://images.unsplash.com/photo-1541643600914-78b084683601?w=400
3,1,Tine Pure Rollerball 270,San pham Rollerball giup cham soc sac dep an toan va hieu qua,20.7,381,https://images.unsplash.com/photo-1541643600914-78b084683601?w=400
2,1,Tine Luminous Cushion 271,San pham Cushion giup cham soc sac dep an toan va hieu qua,36.8,432,https://images.unsplash.com/photo-1586495777744-4413f21062fa?w=400
1,1,Tine Midnight Cleanser 272,San pham Cleanser giup cham soc sac dep an toan va hieu qua,20.5,67,https://images.unsplash.com/photo-1515688594390-b649af70d282?w=400
1,1,Tine Flawless Cream 273,San pham Cream giup cham soc sac dep an toan va hieu qua,54.2,114,https://images.unsplash.com/photo-1620916566398-39f1143ab7be?w=400
1,1,Tine Pure Cream 274,San pham Cream giup cham soc sac dep an toan va hieu qua,18.1,446,https://images.unsplash.com/photo-1571781526291-c477eb311dc6?w=400
1,1,Tine Ocean Cream 275,San pham Cream giup cham soc sac dep an toan va hieu qua,47.0,43,https://images.unsplash.com/photo-1620916566398-39f1143ab7be?w=400
2,1,Tine Flawless Cushion 276,San pham Cushion giup cham soc sac dep an toan va hieu qua,92.0,94,https://images.unsplash.com/photo-1541643600914-78b084683601?w=400
1,1,Tine Radiant Cream 277,San pham Cream giup cham soc sac dep an toan va hieu qua,42.5,281,https://images.unsplash.com/photo-1541643600914-78b084683601?w=400
3,1,Tine Silk Body Wash 278,San pham Body Wash giup cham soc sac dep an toan va hieu qua,17.7,129,https://images.unsplash.com/photo-1620916566398-39f1143ab7be?w=400
2,1,Tine Midnight Eyeliner 279,San pham Eyeliner giup cham soc sac dep an toan va hieu qua,52.4,380,https://images.unsplash.com/photo-1620916566398-39f1143ab7be?w=400
2,1,Tine Midnight Blush 280,San pham Blush giup cham soc sac dep an toan va hieu qua,30.5,333,https://images.unsplash.com/photo-1541643600914-78b084683601?w=400
2,1,Tine Silk Lipstick 281,San pham Lipstick giup cham soc sac dep an toan va hieu qua,37.6,490,https://images.unsplash.com/photo-1620916566398-39f1143ab7be?w=400
2,1,Tine Glow Foundation 282,San pham Foundation giup cham soc sac dep an toan va hieu qua,83.6,322,https://images.unsplash.com/photo-1512496015851-a1dc8a477858?w=400
2,1,Tine Flawless Eyeliner 283,San pham Eyeliner giup cham soc sac dep an toan va hieu qua,87.3,42,https://images.unsplash.com/photo-1515688594390-b649af70d282?w=400
2,1,Tine Glow Blush 284,San pham Blush giup cham soc sac dep an toan va hieu qua,74.3,421,https://images.unsplash.com/photo-1571781526291-c477eb311dc6?w=400
1,1,Tine Flawless Serum 285,San pham Serum giup cham soc sac dep an toan va hieu qua,45.0,102,https://images.unsplash.com/photo-1571781526291-c477eb311dc6?w=400
1,1,Tine Hydrating Cream 286,San pham Cream giup cham soc sac dep an toan va hieu qua,91.5,60,https://images.unsplash.com/photo-1620916566398-39f1143ab7be?w=400
3,1,Tine Flawless Mist 287,San pham Mist giup cham soc sac dep an toan va hieu qua,35.2,224,https://images.unsplash.com/photo-1571781526291-c477eb311dc6?w=400
2,1,Tine Glow Cushion 288,San pham Cushion giup cham soc sac dep an toan va hieu qua,51.7,443,https://images.unsplash.com/photo-1620916566398-39f1143ab7be?w=400
1,1,Tine Glow Toner 289,San pham Toner giup cham soc sac dep an toan va hieu qua,25.1,450,https://images.unsplash.com/photo-1512496015851-a1dc8a477858?w=400
1,1,Tine Luminous Serum 290,San pham Serum giup cham soc sac dep an toan va hieu qua,19.0,459,https://images.unsplash.com/photo-1571781526291-c477eb311dc6?w=400
1,1,Tine Flawless Mask 291,San pham Mask giup cham soc sac dep an toan va hieu qua,48.2,138,https://images.unsplash.com/photo-1571781526291-c477eb311dc6?w=400
3,1,Tine Radiant Body Wash 292,San pham Body Wash giup cham soc sac dep an toan va hieu qua,26.5,191,https://images.unsplash.com/photo-1620916566398-39f1143ab7be?w=400
3,1,Tine Luminous Body Wash 293,San pham Body Wash giup cham soc sac dep an toan va hieu qua,24.3,21,https://images.unsplash.com/photo-1586495777744-4413f21062fa?w=400
3,1,Tine Ocean Mist 294,San pham Mist giup cham soc sac dep an toan va hieu qua,69.8,482,https://images.unsplash.com/photo-1620916566398-39f1143ab7be?w=400
3,1,Tine Silk Perfume 295,San pham Perfume giup cham soc sac dep an toan va hieu qua,53.1,407,https://images.unsplash.com/photo-1620916566398-39f1143ab7be?w=400
3,1,Tine Radiant Body Wash 296,San pham Body Wash giup cham soc sac dep an toan va hieu qua,59.8,151,https://images.unsplash.com/photo-1512496015851-a1dc8a477858?w=400
1,1,Tine Silk Mask 297,San pham Mask giup cham soc sac dep an toan va hieu qua,38.9,494,https://images.unsplash.com/photo-1599305090598-fe179d501227?w=400
3,1,Tine Pure Body Wash 298,San pham Body Wash giup cham soc sac dep an toan va hieu qua,91.9,61,https://images.unsplash.com/photo-1512496015851-a1dc8a477858?w=400
3,1,Tine Flawless Mist 299,San pham Mist giup cham soc sac dep an toan va hieu qua,23.6,450,https://images.unsplash.com/photo-1541643600914-78b084683601?w=400
1,1,Tine Glow Cream 300,San pham Cream giup cham soc sac dep an toan va hieu qua,48.1,395,https://images.unsplash.com/photo-1586495777744-4413f21062fa?w=400
1,1,Tine Midnight Cream 301,San pham Cream giup cham soc sac dep an toan va hieu qua,87.1,69,https://images.unsplash.com/photo-1515688594390-b649af70d282?w=400
1,1,Tine Midnight Mask 302,San pham Mask giup cham soc sac dep an toan va hieu qua,59.1,283,https://images.unsplash.com/photo-1541643600914-78b084683601?w=400
2,1,Tine Pure Blush 303,San pham Blush giup cham soc sac dep an toan va hieu qua,48.6,400,https://images.unsplash.com/photo-1599305090598-fe179d501227?w=400
1,1,Tine Radiant Toner 304,San pham Toner giup cham soc sac dep an toan va hieu qua,86.0,232,https://images.unsplash.com/photo-1599305090598-fe179d501227?w=400
2,1,Tine Radiant Cushion 305,San pham Cushion giup cham soc sac dep an toan va hieu qua,89.9,121,https://images.unsplash.com/photo-1586495777744-4413f21062fa?w=400
3,1,Tine Silk Body Wash 306,San pham Body Wash giup cham soc sac dep an toan va hieu qua,60.9,78,https://images.unsplash.com/photo-1512496015851-a1dc8a477858?w=400
1,1,Tine Flawless Serum 307,San pham Serum giup cham soc sac dep an toan va hieu qua,42.7,307,https://images.unsplash.com/photo-1571781526291-c477eb311dc6?w=400
3,1,Tine Flawless Perfume 308,San pham Perfume giup cham soc sac dep an toan va hieu qua,45.0,132,https://images.unsplash.com/photo-1512496015851-a1dc8a477858?w=400
2,1,Tine Velvet Foundation 309,San pham Foundation giup cham soc sac dep an toan va hieu qua,59.0,60,https://images.unsplash.com/photo-1515688594390-b649af70d282?w=400
2,1,Tine Pure Cushion 310,San pham Cushion giup cham soc sac dep an toan va hieu qua,91.2,132,https://images.unsplash.com/photo-1599305090598-fe179d501227?w=400
1,1,Tine Hydrating Cream 311,San pham Cream giup cham soc sac dep an toan va hieu qua,88.8,318,https://images.unsplash.com/photo-1571781526291-c477eb311dc6?w=400
2,1,Tine Silk Foundation 312,San pham Foundation giup cham soc sac dep an toan va hieu qua,15.7,334,https://images.unsplash.com/photo-1620916566398-39f1143ab7be?w=400
1,1,Tine Midnight Toner 313,San pham Toner giup cham soc sac dep an toan va hieu qua,62.7,145,https://images.unsplash.com/photo-1512496015851-a1dc8a477858?w=400
2,1,Tine Silk Cushion 314,San pham Cushion giup cham soc sac dep an toan va hieu qua,47.3,105,https://images.unsplash.com/photo-1586495777744-4413f21062fa?w=400
1,1,Tine Hydrating Serum 315,San pham Serum giup cham soc sac dep an toan va hieu qua,41.7,116,https://images.unsplash.com/photo-1599305090598-fe179d501227?w=400
3,1,Tine Flawless Mist 316,San pham Mist giup cham soc sac dep an toan va hieu qua,31.5,401,https://images.unsplash.com/photo-1586495777744-4413f21062fa?w=400
2,1,Tine Luminous Blush 317,San pham Blush giup cham soc sac dep an toan va hieu qua,94.4,497,https://images.unsplash.com/photo-1599305090598-fe179d501227?w=400
2,1,Tine Glow Cushion 318,San pham Cushion giup cham soc sac dep an toan va hieu qua,16.2,142,https://images.unsplash.com/photo-1620916566398-39f1143ab7be?w=400
1,1,Tine Hydrating Cream 319,San pham Cream giup cham soc sac dep an toan va hieu qua,52.4,46,https://images.unsplash.com/photo-1571781526291-c477eb311dc6?w=400
1,1,Tine Glow Mask 320,San pham Mask giup cham soc sac dep an toan va hieu qua,41.2,27,https://images.unsplash.com/photo-1620916566398-39f1143ab7be?w=400
1,1,Tine Radiant Mask 321,San pham Mask giup cham soc sac dep an toan va hieu qua,33.4,374,https://images.unsplash.com/photo-1512496015851-a1dc8a477858?w=400
3,1,Tine Pure Rollerball 322,San pham Rollerball giup cham soc sac dep an toan va hieu qua,36.5,284,https://images.unsplash.com/photo-1571781526291-c477eb311dc6?w=400
3,1,Tine Flawless Body Wash 323,San pham Body Wash giup cham soc sac dep an toan va hieu qua,80.8,126,https://images.unsplash.com/photo-1515688594390-b649af70d282?w=400
1,1,Tine Flawless Cream 324,San pham Cream giup cham soc sac dep an toan va hieu qua,47.7,51,https://images.unsplash.com/photo-1571781526291-c477eb311dc6?w=400
3,1,Tine Flawless Mist 325,San pham Mist giup cham soc sac dep an toan va hieu qua,57.6,133,https://images.unsplash.com/photo-1571781526291-c477eb311dc6?w=400
1,1,Tine Midnight Toner 326,San pham Toner giup cham soc sac dep an toan va hieu qua,27.6,41,https://images.unsplash.com/photo-1571781526291-c477eb311dc6?w=400
3,1,Tine Flawless Body Wash 327,San pham Body Wash giup cham soc sac dep an toan va hieu qua,60.1,164,https://images.unsplash.com/photo-1586495777744-4413f21062fa?w=400
2,1,Tine Pure Cushion 328,San pham Cushion giup cham soc sac dep an toan va hieu qua,30.2,154,https://images.unsplash.com/photo-1541643600914-78b084683601?w=400
2,1,Tine Velvet Lipstick 329,San pham Lipstick giup cham soc sac dep an toan va hieu qua,37.0,337,https://images.unsplash.com/photo-1620916566398-39f1143ab7be?w=400
2,1,Tine Ocean Cushion 330,San pham Cushion giup cham soc sac dep an toan va hieu qua,69.2,123,https://images.unsplash.com/photo-1515688594390-b649af70d282?w=400
2,1,Tine Silk Blush 331,San pham Blush giup cham soc sac dep an toan va hieu qua,89.2,98,https://images.unsplash.com/photo-1586495777744-4413f21062fa?w=400
3,1,Tine Glow Rollerball 332,San pham Rollerball giup cham soc sac dep an toan va hieu qua,70.0,447,https://images.unsplash.com/photo-1620916566398-39f1143ab7be?w=400
3,1,Tine Pure Perfume 333,San pham Perfume giup cham soc sac dep an toan va hieu qua,56.0,171,https://images.unsplash.com/photo-1515688594390-b649af70d282?w=400
2,1,Tine Silk Lipstick 334,San pham Lipstick giup cham soc sac dep an toan va hieu qua,56.0,256,https://images.unsplash.com/photo-1515688594390-b649af70d282?w=400
1,1,Tine Silk Cleanser 335,San pham Cleanser giup cham soc sac dep an toan va hieu qua,56.3,211,https://images.unsplash.com/photo-1512496015851-a1dc8a477858?w=400
2,1,Tine Pure Blush 336,San pham Blush giup cham soc sac dep an toan va hieu qua,52.5,319,https://images.unsplash.com/photo-1571781526291-c477eb311dc6?w=400
2,1,Tine Glow Lipstick 337,San pham Lipstick giup cham soc sac dep an toan va hieu qua,75.6,237,https://images.unsplash.com/photo-1512496015851-a1dc8a477858?w=400
1,1,Tine Ocean Toner 338,San pham Toner giup cham soc sac dep an toan va hieu qua,75.9,372,https://images.unsplash.com/photo-1512496015851-a1dc8a477858?w=400
1,1,Tine Luminous Serum 339,San pham Serum giup cham soc sac dep an toan va hieu qua,32.8,355,https://images.unsplash.com/photo-1571781526291-c477eb311dc6?w=400
3,1,Tine Velvet Body Wash 340,San pham Body Wash giup cham soc sac dep an toan va hieu qua,47.3,215,https://images.unsplash.com/photo-1512496015851-a1dc8a477858?w=400
3,1,Tine Silk Mist 341,San pham Mist giup cham soc sac dep an toan va hieu qua,37.4,303,https://images.unsplash.com/photo-1541643600914-78b084683601?w=400
1,1,Tine Pure Mask 342,San pham Mask giup cham soc sac dep an toan va hieu qua,78.6,70,https://images.unsplash.com/photo-1620916566398-39f1143ab7be?w=400
3,1,Tine Hydrating Perfume 343,San pham Perfume giup cham soc sac dep an toan va hieu qua,58.5,117,https://images.unsplash.com/photo-1541643600914-78b084683601?w=400
2,1,Tine Velvet Lipstick 344,San pham Lipstick giup cham soc sac dep an toan va hieu qua,77.2,36,https://images.unsplash.com/photo-1571781526291-c477eb311dc6?w=400
2,1,Tine Midnight Cushion 345,San pham Cushion giup cham soc sac dep an toan va hieu qua,65.4,158,https://images.unsplash.com/photo-1586495777744-4413f21062fa?w=400
2,1,Tine Velvet Blush 346,San pham Blush giup cham soc sac dep an toan va hieu qua,47.2,133,https://images.unsplash.com/photo-1512496015851-a1dc8a477858?w=400
3,1,Tine Silk Perfume 347,San pham Perfume giup cham soc sac dep an toan va hieu qua,18.9,59,https://images.unsplash.com/photo-1620916566398-39f1143ab7be?w=400
2,1,Tine Ocean Cushion 348,San pham Cushion giup cham soc sac dep an toan va hieu qua,48.9,373,https://images.unsplash.com/photo-1620916566398-39f1143ab7be?w=400
1,1,Tine Pure Mask 349,San pham Mask giup cham soc sac dep an toan va hieu qua,18.7,315,https://images.unsplash.com/photo-1512496015851-a1dc8a477858?w=400
3,1,Tine Flawless Perfume 350,San pham Perfume giup cham soc sac dep an toan va hieu qua,38.1,482,https://images.unsplash.com/photo-1515688594390-b649af70d282?w=400
3,1,Tine Midnight Rollerball 351,San pham Rollerball giup cham soc sac dep an toan va hieu qua,77.6,408,https://images.unsplash.com/photo-1512496015851-a1dc8a477858?w=400
1,1,Tine Pure Cleanser 352,San pham Cleanser giup cham soc sac dep an toan va hieu qua,50.2,467,https://images.unsplash.com/photo-1620916566398-39f1143ab7be?w=400
1,1,Tine Midnight Serum 353,San pham Serum giup cham soc sac dep an toan va hieu qua,71.9,144,https://images.unsplash.com/photo-1512496015851-a1dc8a477858?w=400
1,1,Tine Silk Serum 354,San pham Serum giup cham soc sac dep an toan va hieu qua,67.2,261,https://images.unsplash.com/photo-1541643600914-78b084683601?w=400
1,1,Tine Luminous Serum 355,San pham Serum giup cham soc sac dep an toan va hieu qua,70.4,182,https://images.unsplash.com/photo-1599305090598-fe179d501227?w=400
1,1,Tine Flawless Toner 356,San pham Toner giup cham soc sac dep an toan va hieu qua,69.8,31,https://images.unsplash.com/photo-1515688594390-b649af70d282?w=400
2,1,Tine Ocean Blush 357,San pham Blush giup cham soc sac dep an toan va hieu qua,64.3,371,https://images.unsplash.com/photo-1586495777744-4413f21062fa?w=400
1,1,Tine Silk Toner 358,San pham Toner giup cham soc sac dep an toan va hieu qua,77.4,138,https://images.unsplash.com/photo-1515688594390-b649af70d282?w=400
2,1,Tine Midnight Eyeliner 359,San pham Eyeliner giup cham soc sac dep an toan va hieu qua,50.0,465,https://images.unsplash.com/photo-1512496015851-a1dc8a477858?w=400
2,1,Tine Radiant Blush 360,San pham Blush giup cham soc sac dep an toan va hieu qua,90.0,163,https://images.unsplash.com/photo-1541643600914-78b084683601?w=400
3,1,Tine Hydrating Perfume 361,San pham Perfume giup cham soc sac dep an toan va hieu qua,23.7,300,https://images.unsplash.com/photo-1620916566398-39f1143ab7be?w=400
3,1,Tine Luminous Body Wash 362,San pham Body Wash giup cham soc sac dep an toan va hieu qua,64.3,322,https://images.unsplash.com/photo-1512496015851-a1dc8a477858?w=400
1,1,Tine Silk Cream 363,San pham Cream giup cham soc sac dep an toan va hieu qua,69.1,402,https://images.unsplash.com/photo-1620916566398-39f1143ab7be?w=400
2,1,Tine Silk Lipstick 364,San pham Lipstick giup cham soc sac dep an toan va hieu qua,89.2,36,https://images.unsplash.com/photo-1515688594390-b649af70d282?w=400
1,1,Tine Velvet Cleanser 365,San pham Cleanser giup cham soc sac dep an toan va hieu qua,77.8,23,https://images.unsplash.com/photo-1599305090598-fe179d501227?w=400
1,1,Tine Radiant Serum 366,San pham Serum giup cham soc sac dep an toan va hieu qua,70.0,66,https://images.unsplash.com/photo-1512496015851-a1dc8a477858?w=400
1,1,Tine Hydrating Toner 367,San pham Toner giup cham soc sac dep an toan va hieu qua,24.2,206,https://images.unsplash.com/photo-1512496015851-a1dc8a477858?w=400
2,1,Tine Hydrating Cushion 368,San pham Cushion giup cham soc sac dep an toan va hieu qua,51.7,299,https://images.unsplash.com/photo-1541643600914-78b084683601?w=400
1,1,Tine Ocean Toner 369,San pham Toner giup cham soc sac dep an toan va hieu qua,42.2,235,https://images.unsplash.com/photo-1599305090598-fe179d501227?w=400
1,1,Tine Flawless Cream 370,San pham Cream giup cham soc sac dep an toan va hieu qua,78.8,342,https://images.unsplash.com/photo-1620916566398-39f1143ab7be?w=400
3,1,Tine Hydrating Lotion 371,San pham Lotion giup cham soc sac dep an toan va hieu qua,37.4,129,https://images.unsplash.com/photo-1571781526291-c477eb311dc6?w=400
2,1,Tine Ocean Lipstick 372,San pham Lipstick giup cham soc sac dep an toan va hieu qua,28.6,467,https://images.unsplash.com/photo-1515688594390-b649af70d282?w=400
2,1,Tine Luminous Foundation 373,San pham Foundation giup cham soc sac dep an toan va hieu qua,20.5,489,https://images.unsplash.com/photo-1571781526291-c477eb311dc6?w=400
2,1,Tine Luminous Foundation 374,San pham Foundation giup cham soc sac dep an toan va hieu qua,60.5,267,https://images.unsplash.com/photo-1512496015851-a1dc8a477858?w=400
2,1,Tine Silk Lipstick 375,San pham Lipstick giup cham soc sac dep an toan va hieu qua,50.1,106,https://images.unsplash.com/photo-1512496015851-a1dc8a477858?w=400
1,1,Tine Glow Serum 376,San pham Serum giup cham soc sac dep an toan va hieu qua,31.9,71,https://images.unsplash.com/photo-1586495777744-4413f21062fa?w=400
2,1,Tine Pure Blush 377,San pham Blush giup cham soc sac dep an toan va hieu qua,76.7,371,https://images.unsplash.com/photo-1620916566398-39f1143ab7be?w=400
1,1,Tine Velvet Cleanser 378,San pham Cleanser giup cham soc sac dep an toan va hieu qua,59.0,172,https://images.unsplash.com/photo-1571781526291-c477eb311dc6?w=400
2,1,Tine Hydrating Foundation 379,San pham Foundation giup cham soc sac dep an toan va hieu qua,94.5,384,https://images.unsplash.com/photo-1512496015851-a1dc8a477858?w=400
3,1,Tine Flawless Rollerball 380,San pham Rollerball giup cham soc sac dep an toan va hieu qua,19.3,336,https://images.unsplash.com/photo-1541643600914-78b084683601?w=400
1,1,Tine Hydrating Toner 381,San pham Toner giup cham soc sac dep an toan va hieu qua,74.9,218,https://images.unsplash.com/photo-1599305090598-fe179d501227?w=400
1,1,Tine Pure Toner 382,San pham Toner giup cham soc sac dep an toan va hieu qua,75.9,102,https://images.unsplash.com/photo-1541643600914-78b084683601?w=400
3,1,Tine Flawless Body Wash 383,San pham Body Wash giup cham soc sac dep an toan va hieu qua,89.1,445,https://images.unsplash.com/photo-1571781526291-c477eb311dc6?w=400
3,1,Tine Radiant Body Wash 384,San pham Body Wash giup cham soc sac dep an toan va hieu qua,71.3,485,https://images.unsplash.com/photo-1571781526291-c477eb311dc6?w=400
1,1,Tine Hydrating Cleanser 385,San pham Cleanser giup cham soc sac dep an toan va hieu qua,49.1,102,https://images.unsplash.com/photo-1586495777744-4413f21062fa?w=400
3,1,Tine Flawless Lotion 386,San pham Lotion giup cham soc sac dep an toan va hieu qua,59.8,51,https://images.unsplash.com/photo-1599305090598-fe179d501227?w=400
1,1,Tine Hydrating Mask 387,San pham Mask giup cham soc sac dep an toan va hieu qua,66.1,438,https://images.unsplash.com/photo-1620916566398-39f1143ab7be?w=400
1,1,Tine Silk Cleanser 388,San pham Cleanser giup cham soc sac dep an toan va hieu qua,19.1,440,https://images.unsplash.com/photo-1541643600914-78b084683601?w=400
2,1,Tine Glow Eyeliner 389,San pham Eyeliner giup cham soc sac dep an toan va hieu qua,67.0,329,https://images.unsplash.com/photo-1541643600914-78b084683601?w=400
3,1,Tine Flawless Mist 390,San pham Mist giup cham soc sac dep an toan va hieu qua,56.4,147,https://images.unsplash.com/photo-1571781526291-c477eb311dc6?w=400
3,1,Tine Radiant Lotion 391,San pham Lotion giup cham soc sac dep an toan va hieu qua,76.9,139,https://images.unsplash.com/photo-1512496015851-a1dc8a477858?w=400
1,1,Tine Midnight Serum 392,San pham Serum giup cham soc sac dep an toan va hieu qua,59.6,154,https://images.unsplash.com/photo-1599305090598-fe179d501227?w=400
1,1,Tine Ocean Cleanser 393,San pham Cleanser giup cham soc sac dep an toan va hieu qua,59.3,162,https://images.unsplash.com/photo-1586495777744-4413f21062fa?w=400
3,1,Tine Flawless Body Wash 394,San pham Body Wash giup cham soc sac dep an toan va hieu qua,16.0,409,https://images.unsplash.com/photo-1599305090598-fe179d501227?w=400
3,1,Tine Ocean Rollerball 395,San pham Rollerball giup cham soc sac dep an toan va hieu qua,70.9,122,https://images.unsplash.com/photo-1571781526291-c477eb311dc6?w=400
1,1,Tine Glow Toner 396,San pham Toner giup cham soc sac dep an toan va hieu qua,62.1,158,https://images.unsplash.com/photo-1512496015851-a1dc8a477858?w=400
1,1,Tine Silk Cleanser 397,San pham Cleanser giup cham soc sac dep an toan va hieu qua,22.1,268,https://images.unsplash.com/photo-1512496015851-a1dc8a477858?w=400
1,1,Tine Luminous Serum 398,San pham Serum giup cham soc sac dep an toan va hieu qua,55.0,484,https://images.unsplash.com/photo-1586495777744-4413f21062fa?w=400
1,1,Tine Glow Toner 399,San pham Toner giup cham soc sac dep an toan va hieu qua,28.3,127,https://images.unsplash.com/photo-1512496015851-a1dc8a477858?w=400
2,1,Tine Silk Lipstick 400,San pham Lipstick giup cham soc sac dep an toan va hieu qua,52.8,494,https://images.unsplash.com/photo-1599305090598-fe179d501227?w=400
1,1,Tine Velvet Cleanser 401,San pham Cleanser giup cham soc sac dep an toan va hieu qua,40.5,143,https://images.unsplash.com/photo-1599305090598-fe179d501227?w=400
1,1,Tine Velvet Mask 402,San pham Mask giup cham soc sac dep an toan va hieu qua,45.0,304,https://images.unsplash.com/photo-1620916566398-39f1143ab7be?w=400
2,1,Tine Luminous Eyeliner 403,San pham Eyeliner giup cham soc sac dep an toan va hieu qua,18.9,242,https://images.unsplash.com/photo-1599305090598-fe179d501227?w=400
1,1,Tine Hydrating Cleanser 404,San pham Cleanser giup cham soc sac dep an toan va hieu qua,42.7,138,https://images.unsplash.com/photo-1620916566398-39f1143ab7be?w=400
3,1,Tine Silk Rollerball 405,San pham Rollerball giup cham soc sac dep an toan va hieu qua,73.1,287,https://images.unsplash.com/photo-1599305090598-fe179d501227?w=400
1,1,Tine Silk Cleanser 406,San pham Cleanser giup cham soc sac dep an toan va hieu qua,57.8,279,https://images.unsplash.com/photo-1541643600914-78b084683601?w=400
2,1,Tine Radiant Foundation 407,San pham Foundation giup cham soc sac dep an toan va hieu qua,47.4,239,https://images.unsplash.com/photo-1512496015851-a1dc8a477858?w=400
2,1,Tine Hydrating Cushion 408,San pham Cushion giup cham soc sac dep an toan va hieu qua,57.8,342,https://images.unsplash.com/photo-1571781526291-c477eb311dc6?w=400
3,1,Tine Radiant Rollerball 409,San pham Rollerball giup cham soc sac dep an toan va hieu qua,43.6,408,https://images.unsplash.com/photo-1571781526291-c477eb311dc6?w=400
1,1,Tine Luminous Toner 410,San pham Toner giup cham soc sac dep an toan va hieu qua,71.0,240,https://images.unsplash.com/photo-1599305090598-fe179d501227?w=400
2,1,Tine Radiant Blush 411,San pham Blush giup cham soc sac dep an toan va hieu qua,30.5,405,https://images.unsplash.com/photo-1599305090598-fe179d501227?w=400
3,1,Tine Glow Body Wash 412,San pham Body Wash giup cham soc sac dep an toan va hieu qua,16.2,410,https://images.unsplash.com/photo-1586495777744-4413f21062fa?w=400
2,1,Tine Midnight Foundation 413,San pham Foundation giup cham soc sac dep an toan va hieu qua,51.9,197,https://images.unsplash.com/photo-1586495777744-4413f21062fa?w=400
3,1,Tine Silk Rollerball 414,San pham Rollerball giup cham soc sac dep an toan va hieu qua,17.2,483,https://images.unsplash.com/photo-1571781526291-c477eb311dc6?w=400
2,1,Tine Flawless Blush 415,San pham Blush giup cham soc sac dep an toan va hieu qua,44.1,79,https://images.unsplash.com/photo-1620916566398-39f1143ab7be?w=400
2,1,Tine Glow Eyeliner 416,San pham Eyeliner giup cham soc sac dep an toan va hieu qua,55.9,147,https://images.unsplash.com/photo-1515688594390-b649af70d282?w=400
2,1,Tine Radiant Lipstick 417,San pham Lipstick giup cham soc sac dep an toan va hieu qua,20.8,247,https://images.unsplash.com/photo-1620916566398-39f1143ab7be?w=400
2,1,Tine Velvet Cushion 418,San pham Cushion giup cham soc sac dep an toan va hieu qua,76.2,384,https://images.unsplash.com/photo-1599305090598-fe179d501227?w=400
1,1,Tine Flawless Serum 419,San pham Serum giup cham soc sac dep an toan va hieu qua,79.3,493,https://images.unsplash.com/photo-1620916566398-39f1143ab7be?w=400
2,1,Tine Midnight Eyeliner 420,San pham Eyeliner giup cham soc sac dep an toan va hieu qua,29.4,317,https://images.unsplash.com/photo-1512496015851-a1dc8a477858?w=400
1,1,Tine Flawless Cream 421,San pham Cream giup cham soc sac dep an toan va hieu qua,46.4,238,https://images.unsplash.com/photo-1541643600914-78b084683601?w=400
2,1,Tine Flawless Foundation 422,San pham Foundation giup cham soc sac dep an toan va hieu qua,94.1,159,https://images.unsplash.com/photo-1620916566398-39f1143ab7be?w=400
3,1,Tine Ocean Lotion 423,San pham Lotion giup cham soc sac dep an toan va hieu qua,42.1,325,https://images.unsplash.com/photo-1512496015851-a1dc8a477858?w=400
2,1,Tine Hydrating Lipstick 424,San pham Lipstick giup cham soc sac dep an toan va hieu qua,32.6,371,https://images.unsplash.com/photo-1599305090598-fe179d501227?w=400
2,1,Tine Glow Foundation 425,San pham Foundation giup cham soc sac dep an toan va hieu qua,48.3,451,https://images.unsplash.com/photo-1620916566398-39f1143ab7be?w=400
2,1,Tine Flawless Blush 426,San pham Blush giup cham soc sac dep an toan va hieu qua,66.2,327,https://images.unsplash.com/photo-1571781526291-c477eb311dc6?w=400
2,1,Tine Flawless Blush 427,San pham Blush giup cham soc sac dep an toan va hieu qua,63.8,352,https://images.unsplash.com/photo-1512496015851-a1dc8a477858?w=400
2,1,Tine Glow Blush 428,San pham Blush giup cham soc sac dep an toan va hieu qua,73.1,256,https://images.unsplash.com/photo-1541643600914-78b084683601?w=400
2,1,Tine Luminous Blush 429,San pham Blush giup cham soc sac dep an toan va hieu qua,84.6,327,https://images.unsplash.com/photo-1515688594390-b649af70d282?w=400
1,1,Tine Luminous Cleanser 430,San pham Cleanser giup cham soc sac dep an toan va hieu qua,81.5,270,https://images.unsplash.com/photo-1599305090598-fe179d501227?w=400
1,1,Tine Ocean Toner 431,San pham Toner giup cham soc sac dep an toan va hieu qua,35.7,275,https://images.unsplash.com/photo-1586495777744-4413f21062fa?w=400
1,1,Tine Hydrating Serum 432,San pham Serum giup cham soc sac dep an toan va hieu qua,32.6,111,https://images.unsplash.com/photo-1586495777744-4413f21062fa?w=400
3,1,Tine Velvet Mist 433,San pham Mist giup cham soc sac dep an toan va hieu qua,78.6,141,https://images.unsplash.com/photo-1541643600914-78b084683601?w=400
3,1,Tine Luminous Mist 434,San pham Mist giup cham soc sac dep an toan va hieu qua,50.1,303,https://images.unsplash.com/photo-1541643600914-78b084683601?w=400
3,1,Tine Flawless Lotion 435,San pham Lotion giup cham soc sac dep an toan va hieu qua,87.0,466,https://images.unsplash.com/photo-1599305090598-fe179d501227?w=400
3,1,Tine Radiant Lotion 436,San pham Lotion giup cham soc sac dep an toan va hieu qua,64.0,489,https://images.unsplash.com/photo-1599305090598-fe179d501227?w=400
1,1,Tine Flawless Cream 437,San pham Cream giup cham soc sac dep an toan va hieu qua,52.7,41,https://images.unsplash.com/photo-1571781526291-c477eb311dc6?w=400
2,1,Tine Hydrating Blush 438,San pham Blush giup cham soc sac dep an toan va hieu qua,21.1,158,https://images.unsplash.com/photo-1599305090598-fe179d501227?w=400
2,1,Tine Silk Lipstick 439,San pham Lipstick giup cham soc sac dep an toan va hieu qua,15.7,349,https://images.unsplash.com/photo-1515688594390-b649af70d282?w=400
3,1,Tine Flawless Mist 440,San pham Mist giup cham soc sac dep an toan va hieu qua,22.5,53,https://images.unsplash.com/photo-1620916566398-39f1143ab7be?w=400
1,1,Tine Pure Toner 441,San pham Toner giup cham soc sac dep an toan va hieu qua,50.2,197,https://images.unsplash.com/photo-1620916566398-39f1143ab7be?w=400
2,1,Tine Radiant Cushion 442,San pham Cushion giup cham soc sac dep an toan va hieu qua,60.0,438,https://images.unsplash.com/photo-1586495777744-4413f21062fa?w=400
3,1,Tine Hydrating Mist 443,San pham Mist giup cham soc sac dep an toan va hieu qua,30.2,363,https://images.unsplash.com/photo-1620916566398-39f1143ab7be?w=400
3,1,Tine Glow Rollerball 444,San pham Rollerball giup cham soc sac dep an toan va hieu qua,19.6,58,https://images.unsplash.com/photo-1515688594390-b649af70d282?w=400
3,1,Tine Pure Mist 445,San pham Mist giup cham soc sac dep an toan va hieu qua,71.8,189,https://images.unsplash.com/photo-1541643600914-78b084683601?w=400
1,1,Tine Flawless Cream 446,San pham Cream giup cham soc sac dep an toan va hieu qua,82.9,29,https://images.unsplash.com/photo-1620916566398-39f1143ab7be?w=400
2,1,Tine Flawless Foundation 447,San pham Foundation giup cham soc sac dep an toan va hieu qua,17.3,172,https://images.unsplash.com/photo-1586495777744-4413f21062fa?w=400
2,1,Tine Midnight Eyeliner 448,San pham Eyeliner giup cham soc sac dep an toan va hieu qua,80.1,59,https://images.unsplash.com/photo-1515688594390-b649af70d282?w=400
2,1,Tine Midnight Cushion 449,San pham Cushion giup cham soc sac dep an toan va hieu qua,44.1,468,https://images.unsplash.com/photo-1620916566398-39f1143ab7be?w=400
1,1,Tine Midnight Serum 450,San pham Serum giup cham soc sac dep an toan va hieu qua,72.6,236,https://images.unsplash.com/photo-1515688594390-b649af70d282?w=400
3,1,Tine Radiant Mist 451,San pham Mist giup cham soc sac dep an toan va hieu qua,39.4,104,https://images.unsplash.com/photo-1599305090598-fe179d501227?w=400
1,1,Tine Hydrating Mask 452,San pham Mask giup cham soc sac dep an toan va hieu qua,80.8,500,https://images.unsplash.com/photo-1586495777744-4413f21062fa?w=400
1,1,Tine Flawless Cleanser 453,San pham Cleanser giup cham soc sac dep an toan va hieu qua,32.2,108,https://images.unsplash.com/photo-1586495777744-4413f21062fa?w=400
2,1,Tine Radiant Lipstick 454,San pham Lipstick giup cham soc sac dep an toan va hieu qua,30.2,400,https://images.unsplash.com/photo-1620916566398-39f1143ab7be?w=400
1,1,Tine Silk Toner 455,San pham Toner giup cham soc sac dep an toan va hieu qua,43.7,97,https://images.unsplash.com/photo-1515688594390-b649af70d282?w=400
2,1,Tine Hydrating Cushion 456,San pham Cushion giup cham soc sac dep an toan va hieu qua,80.1,25,https://images.unsplash.com/photo-1599305090598-fe179d501227?w=400
3,1,Tine Velvet Rollerball 457,San pham Rollerball giup cham soc sac dep an toan va hieu qua,60.4,96,https://images.unsplash.com/photo-1512496015851-a1dc8a477858?w=400
3,1,Tine Silk Perfume 458,San pham Perfume giup cham soc sac dep an toan va hieu qua,75.2,420,https://images.unsplash.com/photo-1620916566398-39f1143ab7be?w=400
2,1,Tine Hydrating Eyeliner 459,San pham Eyeliner giup cham soc sac dep an toan va hieu qua,46.2,56,https://images.unsplash.com/photo-1571781526291-c477eb311dc6?w=400
3,1,Tine Luminous Lotion 460,San pham Lotion giup cham soc sac dep an toan va hieu qua,24.3,392,https://images.unsplash.com/photo-1515688594390-b649af70d282?w=400
1,1,Tine Midnight Serum 461,San pham Serum giup cham soc sac dep an toan va hieu qua,50.4,440,https://images.unsplash.com/photo-1512496015851-a1dc8a477858?w=400
3,1,Tine Pure Perfume 462,San pham Perfume giup cham soc sac dep an toan va hieu qua,62.2,491,https://images.unsplash.com/photo-1586495777744-4413f21062fa?w=400
2,1,Tine Glow Lipstick 463,San pham Lipstick giup cham soc sac dep an toan va hieu qua,46.8,61,https://images.unsplash.com/photo-1571781526291-c477eb311dc6?w=400
1,1,Tine Flawless Serum 464,San pham Serum giup cham soc sac dep an toan va hieu qua,55.0,102,https://images.unsplash.com/photo-1599305090598-fe179d501227?w=400
3,1,Tine Ocean Mist 465,San pham Mist giup cham soc sac dep an toan va hieu qua,34.3,298,https://images.unsplash.com/photo-1541643600914-78b084683601?w=400
1,1,Tine Radiant Cream 466,San pham Cream giup cham soc sac dep an toan va hieu qua,52.8,284,https://images.unsplash.com/photo-1515688594390-b649af70d282?w=400
3,1,Tine Flawless Perfume 467,San pham Perfume giup cham soc sac dep an toan va hieu qua,38.2,396,https://images.unsplash.com/photo-1620916566398-39f1143ab7be?w=400
3,1,Tine Flawless Body Wash 468,San pham Body Wash giup cham soc sac dep an toan va hieu qua,30.9,35,https://images.unsplash.com/photo-1541643600914-78b084683601?w=400
1,1,Tine Flawless Cream 469,San pham Cream giup cham soc sac dep an toan va hieu qua,34.7,409,https://images.unsplash.com/photo-1599305090598-fe179d501227?w=400
1,1,Tine Pure Serum 470,San pham Serum giup cham soc sac dep an toan va hieu qua,15.5,164,https://images.unsplash.com/photo-1620916566398-39f1143ab7be?w=400
1,1,Tine Radiant Serum 471,San pham Serum giup cham soc sac dep an toan va hieu qua,54.3,62,https://images.unsplash.com/photo-1571781526291-c477eb311dc6?w=400
2,1,Tine Radiant Eyeliner 472,San pham Eyeliner giup cham soc sac dep an toan va hieu qua,67.4,298,https://images.unsplash.com/photo-1515688594390-b649af70d282?w=400
3,1,Tine Pure Body Wash 473,San pham Body Wash giup cham soc sac dep an toan va hieu qua,22.2,224,https://images.unsplash.com/photo-1541643600914-78b084683601?w=400
3,1,Tine Flawless Lotion 474,San pham Lotion giup cham soc sac dep an toan va hieu qua,53.5,429,https://images.unsplash.com/photo-1599305090598-fe179d501227?w=400
1,1,Tine Ocean Cream 475,San pham Cream giup cham soc sac dep an toan va hieu qua,33.1,144,https://images.unsplash.com/photo-1586495777744-4413f21062fa?w=400
1,1,Tine Ocean Mask 476,San pham Mask giup cham soc sac dep an toan va hieu qua,83.8,449,https://images.unsplash.com/photo-1586495777744-4413f21062fa?w=400
2,1,Tine Midnight Cushion 477,San pham Cushion giup cham soc sac dep an toan va hieu qua,23.7,370,https://images.unsplash.com/photo-1599305090598-fe179d501227?w=400
1,1,Tine Flawless Mask 478,San pham Mask giup cham soc sac dep an toan va hieu qua,48.9,109,https://images.unsplash.com/photo-1586495777744-4413f21062fa?w=400
3,1,Tine Ocean Rollerball 479,San pham Rollerball giup cham soc sac dep an toan va hieu qua,24.4,493,https://images.unsplash.com/photo-1515688594390-b649af70d282?w=400
3,1,Tine Midnight Perfume 480,San pham Perfume giup cham soc sac dep an toan va hieu qua,73.5,231,https://images.unsplash.com/photo-1515688594390-b649af70d282?w=400
2,1,Tine Ocean Blush 481,San pham Blush giup cham soc sac dep an toan va hieu qua,57.2,50,https://images.unsplash.com/photo-1586495777744-4413f21062fa?w=400
3,1,Tine Pure Mist 482,San pham Mist giup cham soc sac dep an toan va hieu qua,30.7,244,https://images.unsplash.com/photo-1571781526291-c477eb311dc6?w=400
1,1,Tine Flawless Cleanser 483,San pham Cleanser giup cham soc sac dep an toan va hieu qua,39.4,25,https://images.unsplash.com/photo-1571781526291-c477eb311dc6?w=400
1,1,Tine Silk Cleanser 484,San pham Cleanser giup cham soc sac dep an toan va hieu qua,73.7,265,https://images.unsplash.com/photo-1571781526291-c477eb311dc6?w=400
3,1,Tine Silk Lotion 485,San pham Lotion giup cham soc sac dep an toan va hieu qua,91.5,286,https://images.unsplash.com/photo-1512496015851-a1dc8a477858?w=400
2,1,Tine Midnight Eyeliner 486,San pham Eyeliner giup cham soc sac dep an toan va hieu qua,71.3,216,https://images.unsplash.com/photo-1620916566398-39f1143ab7be?w=400
3,1,Tine Radiant Mist 487,San pham Mist giup cham soc sac dep an toan va hieu qua,90.4,30,https://images.unsplash.com/photo-1599305090598-fe179d501227?w=400
1,1,Tine Flawless Cream 488,San pham Cream giup cham soc sac dep an toan va hieu qua,52.6,154,https://images.unsplash.com/photo-1515688594390-b649af70d282?w=400
3,1,Tine Pure Lotion 489,San pham Lotion giup cham soc sac dep an toan va hieu qua,68.5,410,https://images.unsplash.com/photo-1599305090598-fe179d501227?w=400
1,1,Tine Ocean Toner 490,San pham Toner giup cham soc sac dep an toan va hieu qua,30.4,231,https://images.unsplash.com/photo-1541643600914-78b084683601?w=400
3,1,Tine Glow Perfume 491,San pham Perfume giup cham soc sac dep an toan va hieu qua,56.7,284,https://images.unsplash.com/photo-1620916566398-39f1143ab7be?w=400
2,1,Tine Radiant Foundation 492,San pham Foundation giup cham soc sac dep an toan va hieu qua,24.0,107,https://images.unsplash.com/photo-1571781526291-c477eb311dc6?w=400
3,1,Tine Velvet Body Wash 493,San pham Body Wash giup cham soc sac dep an toan va hieu qua,86.0,406,https://images.unsplash.com/photo-1541643600914-78b084683601?w=400
3,1,Tine Radiant Perfume 494,San pham Perfume giup cham soc sac dep an toan va hieu qua,28.4,381,https://images.unsplash.com/photo-1541643600914-78b084683601?w=400
3,1,Tine Hydrating Lotion 495,San pham Lotion giup cham soc sac dep an toan va hieu qua,17.8,227,https://images.unsplash.com/photo-1620916566398-39f1143ab7be?w=400
1,1,Tine Velvet Mask 496,San pham Mask giup cham soc sac dep an toan va hieu qua,48.1,483,https://images.unsplash.com/photo-1541643600914-78b084683601?w=400
1,1,Tine Luminous Cream 497,San pham Cream giup cham soc sac dep an toan va hieu qua,23.5,452,https://images.unsplash.com/photo-1571781526291-c477eb311dc6?w=400
1,1,Tine Radiant Cleanser 498,San pham Cleanser giup cham soc sac dep an toan va hieu qua,22.7,107,https://images.unsplash.com/photo-1541643600914-78b084683601?w=400
3,1,Tine Velvet Rollerball 499,San pham Rollerball giup cham soc sac dep an toan va hieu qua,24.2,92,https://images.unsplash.com/photo-1512496015851-a1dc8a477858?w=400
2,1,Tine Radiant Lipstick 500,San pham Lipstick giup cham soc sac dep an toan va hieu qua,37.4,74,https://images.unsplash.com/photo-1515688594390-b649af70d282?w=400
